package,package_uri,package_name,rank,hook,score,emotion,thumbnail,thumbnail_vertical,report
output_test_visual_hook\Test_visual_hook_integration_20260623_114932,file:///C:/edit%20factory/output_test_visual_hook/Test_visual_hook_integration_20260623_114932,Test_visual_hook_integration_20260623_114932,1,His final choice,4,dramatic,file:///C:/edit%20factory/output_test_visual_hook/Test_visual_hook_integration_20260623_114932/thumbnail.png,file:///C:/edit%20factory/output_test_visual_hook/Test_visual_hook_integration_20260623_114932/thumbnail_vertical.png,file:///C:/edit%20factory/output_test_visual_hook/Test_visual_hook_integration_20260623_114932/hook_report.json
output_test_visual_hook\Test_visual_hook_integration_20260623_114932,file:///C:/edit%20factory/output_test_visual_hook/Test_visual_hook_integration_20260623_114932,Test_visual_hook_integration_20260623_114932,2,Betrayal revealed,4,dramatic,file:///C:/edit%20factory/output_test_visual_hook/Test_visual_hook_integration_20260623_114932/thumbnail.png,file:///C:/edit%20factory/output_test_visual_hook/Test_visual_hook_integration_20260623_114932/thumbnail_vertical.png,file:///C:/edit%20factory/output_test_visual_hook/Test_visual_hook_integration_20260623_114932/hook_report.json
output_test_visual_hook\Test_visual_hook_integration_20260623_114932,file:///C:/edit%20factory/output_test_visual_hook/Test_visual_hook_integration_20260623_114932,Test_visual_hook_integration_20260623_114932,3,Shocking moment,4,dramatic,file:///C:/edit%20factory/output_test_visual_hook/Test_visual_hook_integration_20260623_114932/thumbnail.png,file:///C:/edit%20factory/output_test_visual_hook/Test_visual_hook_integration_20260623_114932/thumbnail_vertical.png,file:///C:/edit%20factory/output_test_visual_hook/Test_visual_hook_integration_20260623_114932/hook_report.json
output_test_visual_hook\Test_visual_hook_integration_20260623_114932,file:///C:/edit%20factory/output_test_visual_hook/Test_visual_hook_integration_20260623_114932,Test_visual_hook_integration_20260623_114932,4,Lost forever,3.5,dramatic,file:///C:/edit%20factory/output_test_visual_hook/Test_visual_hook_integration_20260623_114932/thumbnail.png,file:///C:/edit%20factory/output_test_visual_hook/Test_visual_hook_integration_20260623_114932/thumbnail_vertical.png,file:///C:/edit%20factory/output_test_visual_hook/Test_visual_hook_integration_20260623_114932/hook_report.json
output_test_visual_hook\Test_visual_hook_integration_20260623_114932,file:///C:/edit%20factory/output_test_visual_hook/Test_visual_hook_integration_20260623_114932,Test_visual_hook_integration_20260623_114932,5,One impossible choice,2,dramatic,file:///C:/edit%20factory/output_test_visual_hook/Test_visual_hook_integration_20260623_114932/thumbnail.png,file:///C:/edit%20factory/output_test_visual_hook/Test_visual_hook_integration_20260623_114932/thumbnail_vertical.png,file:///C:/edit%20factory/output_test_visual_hook/Test_visual_hook_integration_20260623_114932/hook_report.json
output_test_visual_hook\Test_visual_hook_integration_20260623_114932,file:///C:/edit%20factory/output_test_visual_hook/Test_visual_hook_integration_20260623_114932,Test_visual_hook_integration_20260623_114932,6,Nobody believed him,2,dramatic,file:///C:/edit%20factory/output_test_visual_hook/Test_visual_hook_integration_20260623_114932/thumbnail.png,file:///C:/edit%20factory/output_test_visual_hook/Test_visual_hook_integration_20260623_114932/thumbnail_vertical.png,file:///C:/edit%20factory/output_test_visual_hook/Test_visual_hook_integration_20260623_114932/hook_report.json
output_test_pkg2\Minecraft_betrayal_on_SMP_20260622_222014,file:///C:/edit%20factory/output_test_pkg2/Minecraft_betrayal_on_SMP_20260622_222014,Minecraft_betrayal_on_SMP_20260622_222014,1,Betrayal revealed,4,dramatic,file:///C:/edit%20factory/output_test_pkg2/Minecraft_betrayal_on_SMP_20260622_222014/thumbnail.png,file:///C:/edit%20factory/output_test_pkg2/Minecraft_betrayal_on_SMP_20260622_222014/thumbnail_vertical.png,file:///C:/edit%20factory/output_test_pkg2/Minecraft_betrayal_on_SMP_20260622_222014/hook_report.json
output_test_pkg2\Minecraft_betrayal_on_SMP_20260622_222014,file:///C:/edit%20factory/output_test_pkg2/Minecraft_betrayal_on_SMP_20260622_222014,Minecraft_betrayal_on_SMP_20260622_222014,2,Shocking moment,4,dramatic,file:///C:/edit%20factory/output_test_pkg2/Minecraft_betrayal_on_SMP_20260622_222014/thumbnail.png,file:///C:/edit%20factory/output_test_pkg2/Minecraft_betrayal_on_SMP_20260622_222014/thumbnail_vertical.png,file:///C:/edit%20factory/output_test_pkg2/Minecraft_betrayal_on_SMP_20260622_222014/hook_report.json
output_test_pkg2\Minecraft_betrayal_on_SMP_20260622_222014,file:///C:/edit%20factory/output_test_pkg2/Minecraft_betrayal_on_SMP_20260622_222014,Minecraft_betrayal_on_SMP_20260622_222014,3,His final choice,4,dramatic,file:///C:/edit%20factory/output_test_pkg2/Minecraft_betrayal_on_SMP_20260622_222014/thumbnail.png,file:///C:/edit%20factory/output_test_pkg2/Minecraft_betrayal_on_SMP_20260622_222014/thumbnail_vertical.png,file:///C:/edit%20factory/output_test_pkg2/Minecraft_betrayal_on_SMP_20260622_222014/hook_report.json
output_test_pkg2\Minecraft_betrayal_on_SMP_20260622_222014,file:///C:/edit%20factory/output_test_pkg2/Minecraft_betrayal_on_SMP_20260622_222014,Minecraft_betrayal_on_SMP_20260622_222014,4,Lost forever,3.5,dramatic,file:///C:/edit%20factory/output_test_pkg2/Minecraft_betrayal_on_SMP_20260622_222014/thumbnail.png,file:///C:/edit%20factory/output_test_pkg2/Minecraft_betrayal_on_SMP_20260622_222014/thumbnail_vertical.png,file:///C:/edit%20factory/output_test_pkg2/Minecraft_betrayal_on_SMP_20260622_222014/hook_report.json
output_test_pkg2\Minecraft_betrayal_on_SMP_20260622_222014,file:///C:/edit%20factory/output_test_pkg2/Minecraft_betrayal_on_SMP_20260622_222014,Minecraft_betrayal_on_SMP_20260622_222014,5,Nobody believed him,2,dramatic,file:///C:/edit%20factory/output_test_pkg2/Minecraft_betrayal_on_SMP_20260622_222014/thumbnail.png,file:///C:/edit%20factory/output_test_pkg2/Minecraft_betrayal_on_SMP_20260622_222014/thumbnail_vertical.png,file:///C:/edit%20factory/output_test_pkg2/Minecraft_betrayal_on_SMP_20260622_222014/hook_report.json
output_test_pkg2\Minecraft_betrayal_on_SMP_20260622_222014,file:///C:/edit%20factory/output_test_pkg2/Minecraft_betrayal_on_SMP_20260622_222014,Minecraft_betrayal_on_SMP_20260622_222014,6,One impossible choice,2,dramatic,file:///C:/edit%20factory/output_test_pkg2/Minecraft_betrayal_on_SMP_20260622_222014/thumbnail.png,file:///C:/edit%20factory/output_test_pkg2/Minecraft_betrayal_on_SMP_20260622_222014/thumbnail_vertical.png,file:///C:/edit%20factory/output_test_pkg2/Minecraft_betrayal_on_SMP_20260622_222014/hook_report.json
output_test_pkg\Minecraft_betrayal_on_SMP_20260622_210510,file:///C:/edit%20factory/output_test_pkg/Minecraft_betrayal_on_SMP_20260622_210510,Minecraft_betrayal_on_SMP_20260622_210510,1,Betrayal revealed,4,dramatic,file:///C:/edit%20factory/output_test_pkg/Minecraft_betrayal_on_SMP_20260622_210510/thumbnail.png,file:///C:/edit%20factory/output_test_pkg/Minecraft_betrayal_on_SMP_20260622_210510/thumbnail_vertical.png,file:///C:/edit%20factory/output_test_pkg/Minecraft_betrayal_on_SMP_20260622_210510/hook_report.json
output_test_pkg\Minecraft_betrayal_on_SMP_20260622_210510,file:///C:/edit%20factory/output_test_pkg/Minecraft_betrayal_on_SMP_20260622_210510,Minecraft_betrayal_on_SMP_20260622_210510,2,Shocking moment,4,dramatic,file:///C:/edit%20factory/output_test_pkg/Minecraft_betrayal_on_SMP_20260622_210510/thumbnail.png,file:///C:/edit%20factory/output_test_pkg/Minecraft_betrayal_on_SMP_20260622_210510/thumbnail_vertical.png,file:///C:/edit%20factory/output_test_pkg/Minecraft_betrayal_on_SMP_20260622_210510/hook_report.json
output_test_pkg\Minecraft_betrayal_on_SMP_20260622_210510,file:///C:/edit%20factory/output_test_pkg/Minecraft_betrayal_on_SMP_20260622_210510,Minecraft_betrayal_on_SMP_20260622_210510,3,His final choice,4,dramatic,file:///C:/edit%20factory/output_test_pkg/Minecraft_betrayal_on_SMP_20260622_210510/thumbnail.png,file:///C:/edit%20factory/output_test_pkg/Minecraft_betrayal_on_SMP_20260622_210510/thumbnail_vertical.png,file:///C:/edit%20factory/output_test_pkg/Minecraft_betrayal_on_SMP_20260622_210510/hook_report.json
output_test_pkg\Minecraft_betrayal_on_SMP_20260622_210510,file:///C:/edit%20factory/output_test_pkg/Minecraft_betrayal_on_SMP_20260622_210510,Minecraft_betrayal_on_SMP_20260622_210510,4,Lost forever,3.5,dramatic,file:///C:/edit%20factory/output_test_pkg/Minecraft_betrayal_on_SMP_20260622_210510/thumbnail.png,file:///C:/edit%20factory/output_test_pkg/Minecraft_betrayal_on_SMP_20260622_210510/thumbnail_vertical.png,file:///C:/edit%20factory/output_test_pkg/Minecraft_betrayal_on_SMP_20260622_210510/hook_report.json
output_test_pkg\Minecraft_betrayal_on_SMP_20260622_210510,file:///C:/edit%20factory/output_test_pkg/Minecraft_betrayal_on_SMP_20260622_210510,Minecraft_betrayal_on_SMP_20260622_210510,5,Nobody believed him,2,dramatic,file:///C:/edit%20factory/output_test_pkg/Minecraft_betrayal_on_SMP_20260622_210510/thumbnail.png,file:///C:/edit%20factory/output_test_pkg/Minecraft_betrayal_on_SMP_20260622_210510/thumbnail_vertical.png,file:///C:/edit%20factory/output_test_pkg/Minecraft_betrayal_on_SMP_20260622_210510/hook_report.json
output_test_pkg\Minecraft_betrayal_on_SMP_20260622_210510,file:///C:/edit%20factory/output_test_pkg/Minecraft_betrayal_on_SMP_20260622_210510,Minecraft_betrayal_on_SMP_20260622_210510,6,One impossible choice,2,dramatic,file:///C:/edit%20factory/output_test_pkg/Minecraft_betrayal_on_SMP_20260622_210510/thumbnail.png,file:///C:/edit%20factory/output_test_pkg/Minecraft_betrayal_on_SMP_20260622_210510/thumbnail_vertical.png,file:///C:/edit%20factory/output_test_pkg/Minecraft_betrayal_on_SMP_20260622_210510/hook_report.json
output_test_pkg\Minecraft_betrayal_on_SMP_20260622_210715,file:///C:/edit%20factory/output_test_pkg/Minecraft_betrayal_on_SMP_20260622_210715,Minecraft_betrayal_on_SMP_20260622_210715,1,Betrayal revealed,4,dramatic,file:///C:/edit%20factory/output_test_pkg/Minecraft_betrayal_on_SMP_20260622_210715/thumbnail.png,file:///C:/edit%20factory/output_test_pkg/Minecraft_betrayal_on_SMP_20260622_210715/thumbnail_vertical.png,file:///C:/edit%20factory/output_test_pkg/Minecraft_betrayal_on_SMP_20260622_210715/hook_report.json
output_test_pkg\Minecraft_betrayal_on_SMP_20260622_210715,file:///C:/edit%20factory/output_test_pkg/Minecraft_betrayal_on_SMP_20260622_210715,Minecraft_betrayal_on_SMP_20260622_210715,2,Shocking moment,4,dramatic,file:///C:/edit%20factory/output_test_pkg/Minecraft_betrayal_on_SMP_20260622_210715/thumbnail.png,file:///C:/edit%20factory/output_test_pkg/Minecraft_betrayal_on_SMP_20260622_210715/thumbnail_vertical.png,file:///C:/edit%20factory/output_test_pkg/Minecraft_betrayal_on_SMP_20260622_210715/hook_report.json
output_test_pkg\Minecraft_betrayal_on_SMP_20260622_210715,file:///C:/edit%20factory/output_test_pkg/Minecraft_betrayal_on_SMP_20260622_210715,Minecraft_betrayal_on_SMP_20260622_210715,3,His final choice,4,dramatic,file:///C:/edit%20factory/output_test_pkg/Minecraft_betrayal_on_SMP_20260622_210715/thumbnail.png,file:///C:/edit%20factory/output_test_pkg/Minecraft_betrayal_on_SMP_20260622_210715/thumbnail_vertical.png,file:///C:/edit%20factory/output_test_pkg/Minecraft_betrayal_on_SMP_20260622_210715/hook_report.json
output_test_pkg\Minecraft_betrayal_on_SMP_20260622_210715,file:///C:/edit%20factory/output_test_pkg/Minecraft_betrayal_on_SMP_20260622_210715,Minecraft_betrayal_on_SMP_20260622_210715,4,Lost forever,3.5,dramatic,file:///C:/edit%20factory/output_test_pkg/Minecraft_betrayal_on_SMP_20260622_210715/thumbnail.png,file:///C:/edit%20factory/output_test_pkg/Minecraft_betrayal_on_SMP_20260622_210715/thumbnail_vertical.png,file:///C:/edit%20factory/output_test_pkg/Minecraft_betrayal_on_SMP_20260622_210715/hook_report.json
output_test_pkg\Minecraft_betrayal_on_SMP_20260622_210715,file:///C:/edit%20factory/output_test_pkg/Minecraft_betrayal_on_SMP_20260622_210715,Minecraft_betrayal_on_SMP_20260622_210715,5,Nobody believed him,2,dramatic,file:///C:/edit%20factory/output_test_pkg/Minecraft_betrayal_on_SMP_20260622_210715/thumbnail.png,file:///C:/edit%20factory/output_test_pkg/Minecraft_betrayal_on_SMP_20260622_210715/thumbnail_vertical.png,file:///C:/edit%20factory/output_test_pkg/Minecraft_betrayal_on_SMP_20260622_210715/hook_report.json
output_test_pkg\Minecraft_betrayal_on_SMP_20260622_210715,file:///C:/edit%20factory/output_test_pkg/Minecraft_betrayal_on_SMP_20260622_210715,Minecraft_betrayal_on_SMP_20260622_210715,6,One impossible choice,2,dramatic,file:///C:/edit%20factory/output_test_pkg/Minecraft_betrayal_on_SMP_20260622_210715/thumbnail.png,file:///C:/edit%20factory/output_test_pkg/Minecraft_betrayal_on_SMP_20260622_210715/thumbnail_vertical.png,file:///C:/edit%20factory/output_test_pkg/Minecraft_betrayal_on_SMP_20260622_210715/hook_report.json
output_test_integration\Test_hook_integration_20260623_113657,file:///C:/edit%20factory/output_test_integration/Test_hook_integration_20260623_113657,Test_hook_integration_20260623_113657,1,His final choice,4,dramatic,file:///C:/edit%20factory/output_test_integration/Test_hook_integration_20260623_113657/thumbnail.png,file:///C:/edit%20factory/output_test_integration/Test_hook_integration_20260623_113657/thumbnail_vertical.png,file:///C:/edit%20factory/output_test_integration/Test_hook_integration_20260623_113657/hook_report.json
output_test_integration\Test_hook_integration_20260623_113657,file:///C:/edit%20factory/output_test_integration/Test_hook_integration_20260623_113657,Test_hook_integration_20260623_113657,2,Betrayal revealed,4,dramatic,file:///C:/edit%20factory/output_test_integration/Test_hook_integration_20260623_113657/thumbnail.png,file:///C:/edit%20factory/output_test_integration/Test_hook_integration_20260623_113657/thumbnail_vertical.png,file:///C:/edit%20factory/output_test_integration/Test_hook_integration_20260623_113657/hook_report.json
output_test_integration\Test_hook_integration_20260623_113657,file:///C:/edit%20factory/output_test_integration/Test_hook_integration_20260623_113657,Test_hook_integration_20260623_113657,3,Shocking moment,4,dramatic,file:///C:/edit%20factory/output_test_integration/Test_hook_integration_20260623_113657/thumbnail.png,file:///C:/edit%20factory/output_test_integration/Test_hook_integration_20260623_113657/thumbnail_vertical.png,file:///C:/edit%20factory/output_test_integration/Test_hook_integration_20260623_113657/hook_report.json
output_test_integration\Test_hook_integration_20260623_113657,file:///C:/edit%20factory/output_test_integration/Test_hook_integration_20260623_113657,Test_hook_integration_20260623_113657,4,Lost forever,3.5,dramatic,file:///C:/edit%20factory/output_test_integration/Test_hook_integration_20260623_113657/thumbnail.png,file:///C:/edit%20factory/output_test_integration/Test_hook_integration_20260623_113657/thumbnail_vertical.png,file:///C:/edit%20factory/output_test_integration/Test_hook_integration_20260623_113657/hook_report.json
output_test_integration\Test_hook_integration_20260623_113657,file:///C:/edit%20factory/output_test_integration/Test_hook_integration_20260623_113657,Test_hook_integration_20260623_113657,5,One impossible choice,2,dramatic,file:///C:/edit%20factory/output_test_integration/Test_hook_integration_20260623_113657/thumbnail.png,file:///C:/edit%20factory/output_test_integration/Test_hook_integration_20260623_113657/thumbnail_vertical.png,file:///C:/edit%20factory/output_test_integration/Test_hook_integration_20260623_113657/hook_report.json
output_test_integration\Test_hook_integration_20260623_113657,file:///C:/edit%20factory/output_test_integration/Test_hook_integration_20260623_113657,Test_hook_integration_20260623_113657,6,Nobody believed him,2,dramatic,file:///C:/edit%20factory/output_test_integration/Test_hook_integration_20260623_113657/thumbnail.png,file:///C:/edit%20factory/output_test_integration/Test_hook_integration_20260623_113657/thumbnail_vertical.png,file:///C:/edit%20factory/output_test_integration/Test_hook_integration_20260623_113657/hook_report.json
output_test_cfg\Minecraft_betrayal_on_SMP_20260623_075449,file:///C:/edit%20factory/output_test_cfg/Minecraft_betrayal_on_SMP_20260623_075449,Minecraft_betrayal_on_SMP_20260623_075449,1,His final choice,4,dramatic,file:///C:/edit%20factory/output_test_cfg/Minecraft_betrayal_on_SMP_20260623_075449/thumbnail.png,file:///C:/edit%20factory/output_test_cfg/Minecraft_betrayal_on_SMP_20260623_075449/thumbnail_vertical.png,file:///C:/edit%20factory/output_test_cfg/Minecraft_betrayal_on_SMP_20260623_075449/hook_report.json
output_test_cfg\Minecraft_betrayal_on_SMP_20260623_075449,file:///C:/edit%20factory/output_test_cfg/Minecraft_betrayal_on_SMP_20260623_075449,Minecraft_betrayal_on_SMP_20260623_075449,2,Betrayal revealed,4,dramatic,file:///C:/edit%20factory/output_test_cfg/Minecraft_betrayal_on_SMP_20260623_075449/thumbnail.png,file:///C:/edit%20factory/output_test_cfg/Minecraft_betrayal_on_SMP_20260623_075449/thumbnail_vertical.png,file:///C:/edit%20factory/output_test_cfg/Minecraft_betrayal_on_SMP_20260623_075449/hook_report.json
output_test_cfg\Minecraft_betrayal_on_SMP_20260623_075449,file:///C:/edit%20factory/output_test_cfg/Minecraft_betrayal_on_SMP_20260623_075449,Minecraft_betrayal_on_SMP_20260623_075449,3,Shocking moment,4,dramatic,file:///C:/edit%20factory/output_test_cfg/Minecraft_betrayal_on_SMP_20260623_075449/thumbnail.png,file:///C:/edit%20factory/output_test_cfg/Minecraft_betrayal_on_SMP_20260623_075449/thumbnail_vertical.png,file:///C:/edit%20factory/output_test_cfg/Minecraft_betrayal_on_SMP_20260623_075449/hook_report.json
output_test_cfg\Minecraft_betrayal_on_SMP_20260623_075449,file:///C:/edit%20factory/output_test_cfg/Minecraft_betrayal_on_SMP_20260623_075449,Minecraft_betrayal_on_SMP_20260623_075449,4,Lost forever,3.5,dramatic,file:///C:/edit%20factory/output_test_cfg/Minecraft_betrayal_on_SMP_20260623_075449/thumbnail.png,file:///C:/edit%20factory/output_test_cfg/Minecraft_betrayal_on_SMP_20260623_075449/thumbnail_vertical.png,file:///C:/edit%20factory/output_test_cfg/Minecraft_betrayal_on_SMP_20260623_075449/hook_report.json
output_test_cfg\Minecraft_betrayal_on_SMP_20260623_075449,file:///C:/edit%20factory/output_test_cfg/Minecraft_betrayal_on_SMP_20260623_075449,Minecraft_betrayal_on_SMP_20260623_075449,5,One impossible choice,2,dramatic,file:///C:/edit%20factory/output_test_cfg/Minecraft_betrayal_on_SMP_20260623_075449/thumbnail.png,file:///C:/edit%20factory/output_test_cfg/Minecraft_betrayal_on_SMP_20260623_075449/thumbnail_vertical.png,file:///C:/edit%20factory/output_test_cfg/Minecraft_betrayal_on_SMP_20260623_075449/hook_report.json
output_test_cfg\Minecraft_betrayal_on_SMP_20260623_075449,file:///C:/edit%20factory/output_test_cfg/Minecraft_betrayal_on_SMP_20260623_075449,Minecraft_betrayal_on_SMP_20260623_075449,6,Nobody believed him,2,dramatic,file:///C:/edit%20factory/output_test_cfg/Minecraft_betrayal_on_SMP_20260623_075449/thumbnail.png,file:///C:/edit%20factory/output_test_cfg/Minecraft_betrayal_on_SMP_20260623_075449/thumbnail_vertical.png,file:///C:/edit%20factory/output_test_cfg/Minecraft_betrayal_on_SMP_20260623_075449/hook_report.json
output_test2\Minecraft_betrayal_on_SMP_20260623_075011,file:///C:/edit%20factory/output_test2/Minecraft_betrayal_on_SMP_20260623_075011,Minecraft_betrayal_on_SMP_20260623_075011,1,His final choice,4,dramatic,file:///C:/edit%20factory/output_test2/Minecraft_betrayal_on_SMP_20260623_075011/thumbnail.png,file:///C:/edit%20factory/output_test2/Minecraft_betrayal_on_SMP_20260623_075011/thumbnail_vertical.png,file:///C:/edit%20factory/output_test2/Minecraft_betrayal_on_SMP_20260623_075011/hook_report.json
output_test2\Minecraft_betrayal_on_SMP_20260623_075011,file:///C:/edit%20factory/output_test2/Minecraft_betrayal_on_SMP_20260623_075011,Minecraft_betrayal_on_SMP_20260623_075011,2,Betrayal revealed,4,dramatic,file:///C:/edit%20factory/output_test2/Minecraft_betrayal_on_SMP_20260623_075011/thumbnail.png,file:///C:/edit%20factory/output_test2/Minecraft_betrayal_on_SMP_20260623_075011/thumbnail_vertical.png,file:///C:/edit%20factory/output_test2/Minecraft_betrayal_on_SMP_20260623_075011/hook_report.json
output_test2\Minecraft_betrayal_on_SMP_20260623_075011,file:///C:/edit%20factory/output_test2/Minecraft_betrayal_on_SMP_20260623_075011,Minecraft_betrayal_on_SMP_20260623_075011,3,Shocking moment,4,dramatic,file:///C:/edit%20factory/output_test2/Minecraft_betrayal_on_SMP_20260623_075011/thumbnail.png,file:///C:/edit%20factory/output_test2/Minecraft_betrayal_on_SMP_20260623_075011/thumbnail_vertical.png,file:///C:/edit%20factory/output_test2/Minecraft_betrayal_on_SMP_20260623_075011/hook_report.json
output_test2\Minecraft_betrayal_on_SMP_20260623_075011,file:///C:/edit%20factory/output_test2/Minecraft_betrayal_on_SMP_20260623_075011,Minecraft_betrayal_on_SMP_20260623_075011,4,Lost forever,3.5,dramatic,file:///C:/edit%20factory/output_test2/Minecraft_betrayal_on_SMP_20260623_075011/thumbnail.png,file:///C:/edit%20factory/output_test2/Minecraft_betrayal_on_SMP_20260623_075011/thumbnail_vertical.png,file:///C:/edit%20factory/output_test2/Minecraft_betrayal_on_SMP_20260623_075011/hook_report.json
output_test2\Minecraft_betrayal_on_SMP_20260623_075011,file:///C:/edit%20factory/output_test2/Minecraft_betrayal_on_SMP_20260623_075011,Minecraft_betrayal_on_SMP_20260623_075011,5,One impossible choice,2,dramatic,file:///C:/edit%20factory/output_test2/Minecraft_betrayal_on_SMP_20260623_075011/thumbnail.png,file:///C:/edit%20factory/output_test2/Minecraft_betrayal_on_SMP_20260623_075011/thumbnail_vertical.png,file:///C:/edit%20factory/output_test2/Minecraft_betrayal_on_SMP_20260623_075011/hook_report.json
output_test2\Minecraft_betrayal_on_SMP_20260623_075011,file:///C:/edit%20factory/output_test2/Minecraft_betrayal_on_SMP_20260623_075011,Minecraft_betrayal_on_SMP_20260623_075011,6,Nobody believed him,2,dramatic,file:///C:/edit%20factory/output_test2/Minecraft_betrayal_on_SMP_20260623_075011/thumbnail.png,file:///C:/edit%20factory/output_test2/Minecraft_betrayal_on_SMP_20260623_075011/thumbnail_vertical.png,file:///C:/edit%20factory/output_test2/Minecraft_betrayal_on_SMP_20260623_075011/hook_report.json
output_test\Minecraft_betrayal_on_SMP_20260623_072233,file:///C:/edit%20factory/output_test/Minecraft_betrayal_on_SMP_20260623_072233,Minecraft_betrayal_on_SMP_20260623_072233,1,His final choice,4,dramatic,file:///C:/edit%20factory/output_test/Minecraft_betrayal_on_SMP_20260623_072233/thumbnail.png,file:///C:/edit%20factory/output_test/Minecraft_betrayal_on_SMP_20260623_072233/thumbnail_vertical.png,file:///C:/edit%20factory/output_test/Minecraft_betrayal_on_SMP_20260623_072233/hook_report.json
output_test\Minecraft_betrayal_on_SMP_20260623_072233,file:///C:/edit%20factory/output_test/Minecraft_betrayal_on_SMP_20260623_072233,Minecraft_betrayal_on_SMP_20260623_072233,2,Betrayal revealed,4,dramatic,file:///C:/edit%20factory/output_test/Minecraft_betrayal_on_SMP_20260623_072233/thumbnail.png,file:///C:/edit%20factory/output_test/Minecraft_betrayal_on_SMP_20260623_072233/thumbnail_vertical.png,file:///C:/edit%20factory/output_test/Minecraft_betrayal_on_SMP_20260623_072233/hook_report.json
output_test\Minecraft_betrayal_on_SMP_20260623_072233,file:///C:/edit%20factory/output_test/Minecraft_betrayal_on_SMP_20260623_072233,Minecraft_betrayal_on_SMP_20260623_072233,3,Shocking moment,4,dramatic,file:///C:/edit%20factory/output_test/Minecraft_betrayal_on_SMP_20260623_072233/thumbnail.png,file:///C:/edit%20factory/output_test/Minecraft_betrayal_on_SMP_20260623_072233/thumbnail_vertical.png,file:///C:/edit%20factory/output_test/Minecraft_betrayal_on_SMP_20260623_072233/hook_report.json
output_test\Minecraft_betrayal_on_SMP_20260623_072233,file:///C:/edit%20factory/output_test/Minecraft_betrayal_on_SMP_20260623_072233,Minecraft_betrayal_on_SMP_20260623_072233,4,Lost forever,3.5,dramatic,file:///C:/edit%20factory/output_test/Minecraft_betrayal_on_SMP_20260623_072233/thumbnail.png,file:///C:/edit%20factory/output_test/Minecraft_betrayal_on_SMP_20260623_072233/thumbnail_vertical.png,file:///C:/edit%20factory/output_test/Minecraft_betrayal_on_SMP_20260623_072233/hook_report.json
output_test\Minecraft_betrayal_on_SMP_20260623_072233,file:///C:/edit%20factory/output_test/Minecraft_betrayal_on_SMP_20260623_072233,Minecraft_betrayal_on_SMP_20260623_072233,5,One impossible choice,2,dramatic,file:///C:/edit%20factory/output_test/Minecraft_betrayal_on_SMP_20260623_072233/thumbnail.png,file:///C:/edit%20factory/output_test/Minecraft_betrayal_on_SMP_20260623_072233/thumbnail_vertical.png,file:///C:/edit%20factory/output_test/Minecraft_betrayal_on_SMP_20260623_072233/hook_report.json
output_test\Minecraft_betrayal_on_SMP_20260623_072233,file:///C:/edit%20factory/output_test/Minecraft_betrayal_on_SMP_20260623_072233,Minecraft_betrayal_on_SMP_20260623_072233,6,Nobody believed him,2,dramatic,file:///C:/edit%20factory/output_test/Minecraft_betrayal_on_SMP_20260623_072233/thumbnail.png,file:///C:/edit%20factory/output_test/Minecraft_betrayal_on_SMP_20260623_072233/thumbnail_vertical.png,file:///C:/edit%20factory/output_test/Minecraft_betrayal_on_SMP_20260623_072233/hook_report.json
output_full_run2\Minecraft_betrayal_on_SMP_-_polish_full__20260623_111959,file:///C:/edit%20factory/output_full_run2/Minecraft_betrayal_on_SMP_-_polish_full__20260623_111959,Minecraft_betrayal_on_SMP_-_polish_full__20260623_111959,1,His final choice,4,dramatic,file:///C:/edit%20factory/output_full_run2/Minecraft_betrayal_on_SMP_-_polish_full__20260623_111959/thumbnail.png,file:///C:/edit%20factory/output_full_run2/Minecraft_betrayal_on_SMP_-_polish_full__20260623_111959/thumbnail_vertical.png,file:///C:/edit%20factory/output_full_run2/Minecraft_betrayal_on_SMP_-_polish_full__20260623_111959/hook_report.json
output_full_run2\Minecraft_betrayal_on_SMP_-_polish_full__20260623_111959,file:///C:/edit%20factory/output_full_run2/Minecraft_betrayal_on_SMP_-_polish_full__20260623_111959,Minecraft_betrayal_on_SMP_-_polish_full__20260623_111959,2,Betrayal revealed,4,dramatic,file:///C:/edit%20factory/output_full_run2/Minecraft_betrayal_on_SMP_-_polish_full__20260623_111959/thumbnail.png,file:///C:/edit%20factory/output_full_run2/Minecraft_betrayal_on_SMP_-_polish_full__20260623_111959/thumbnail_vertical.png,file:///C:/edit%20factory/output_full_run2/Minecraft_betrayal_on_SMP_-_polish_full__20260623_111959/hook_report.json
output_full_run2\Minecraft_betrayal_on_SMP_-_polish_full__20260623_111959,file:///C:/edit%20factory/output_full_run2/Minecraft_betrayal_on_SMP_-_polish_full__20260623_111959,Minecraft_betrayal_on_SMP_-_polish_full__20260623_111959,3,Shocking moment,4,dramatic,file:///C:/edit%20factory/output_full_run2/Minecraft_betrayal_on_SMP_-_polish_full__20260623_111959/thumbnail.png,file:///C:/edit%20factory/output_full_run2/Minecraft_betrayal_on_SMP_-_polish_full__20260623_111959/thumbnail_vertical.png,file:///C:/edit%20factory/output_full_run2/Minecraft_betrayal_on_SMP_-_polish_full__20260623_111959/hook_report.json
output_full_run2\Minecraft_betrayal_on_SMP_-_polish_full__20260623_111959,file:///C:/edit%20factory/output_full_run2/Minecraft_betrayal_on_SMP_-_polish_full__20260623_111959,Minecraft_betrayal_on_SMP_-_polish_full__20260623_111959,4,Lost forever,3.5,dramatic,file:///C:/edit%20factory/output_full_run2/Minecraft_betrayal_on_SMP_-_polish_full__20260623_111959/thumbnail.png,file:///C:/edit%20factory/output_full_run2/Minecraft_betrayal_on_SMP_-_polish_full__20260623_111959/thumbnail_vertical.png,file:///C:/edit%20factory/output_full_run2/Minecraft_betrayal_on_SMP_-_polish_full__20260623_111959/hook_report.json
output_full_run2\Minecraft_betrayal_on_SMP_-_polish_full__20260623_111959,file:///C:/edit%20factory/output_full_run2/Minecraft_betrayal_on_SMP_-_polish_full__20260623_111959,Minecraft_betrayal_on_SMP_-_polish_full__20260623_111959,5,One impossible choice,2,dramatic,file:///C:/edit%20factory/output_full_run2/Minecraft_betrayal_on_SMP_-_polish_full__20260623_111959/thumbnail.png,file:///C:/edit%20factory/output_full_run2/Minecraft_betrayal_on_SMP_-_polish_full__20260623_111959/thumbnail_vertical.png,file:///C:/edit%20factory/output_full_run2/Minecraft_betrayal_on_SMP_-_polish_full__20260623_111959/hook_report.json
output_full_run2\Minecraft_betrayal_on_SMP_-_polish_full__20260623_111959,file:///C:/edit%20factory/output_full_run2/Minecraft_betrayal_on_SMP_-_polish_full__20260623_111959,Minecraft_betrayal_on_SMP_-_polish_full__20260623_111959,6,Nobody believed him,2,dramatic,file:///C:/edit%20factory/output_full_run2/Minecraft_betrayal_on_SMP_-_polish_full__20260623_111959/thumbnail.png,file:///C:/edit%20factory/output_full_run2/Minecraft_betrayal_on_SMP_-_polish_full__20260623_111959/thumbnail_vertical.png,file:///C:/edit%20factory/output_full_run2/Minecraft_betrayal_on_SMP_-_polish_full__20260623_111959/hook_report.json
output_full_run\Minecraft_betrayal_on_SMP_20260623_075813,file:///C:/edit%20factory/output_full_run/Minecraft_betrayal_on_SMP_20260623_075813,Minecraft_betrayal_on_SMP_20260623_075813,1,His final choice,4,dramatic,file:///C:/edit%20factory/output_full_run/Minecraft_betrayal_on_SMP_20260623_075813/thumbnail.png,file:///C:/edit%20factory/output_full_run/Minecraft_betrayal_on_SMP_20260623_075813/thumbnail_vertical.png,file:///C:/edit%20factory/output_full_run/Minecraft_betrayal_on_SMP_20260623_075813/hook_report.json
output_full_run\Minecraft_betrayal_on_SMP_20260623_075813,file:///C:/edit%20factory/output_full_run/Minecraft_betrayal_on_SMP_20260623_075813,Minecraft_betrayal_on_SMP_20260623_075813,2,Betrayal revealed,4,dramatic,file:///C:/edit%20factory/output_full_run/Minecraft_betrayal_on_SMP_20260623_075813/thumbnail.png,file:///C:/edit%20factory/output_full_run/Minecraft_betrayal_on_SMP_20260623_075813/thumbnail_vertical.png,file:///C:/edit%20factory/output_full_run/Minecraft_betrayal_on_SMP_20260623_075813/hook_report.json
output_full_run\Minecraft_betrayal_on_SMP_20260623_075813,file:///C:/edit%20factory/output_full_run/Minecraft_betrayal_on_SMP_20260623_075813,Minecraft_betrayal_on_SMP_20260623_075813,3,Shocking moment,4,dramatic,file:///C:/edit%20factory/output_full_run/Minecraft_betrayal_on_SMP_20260623_075813/thumbnail.png,file:///C:/edit%20factory/output_full_run/Minecraft_betrayal_on_SMP_20260623_075813/thumbnail_vertical.png,file:///C:/edit%20factory/output_full_run/Minecraft_betrayal_on_SMP_20260623_075813/hook_report.json
output_full_run\Minecraft_betrayal_on_SMP_20260623_075813,file:///C:/edit%20factory/output_full_run/Minecraft_betrayal_on_SMP_20260623_075813,Minecraft_betrayal_on_SMP_20260623_075813,4,Lost forever,3.5,dramatic,file:///C:/edit%20factory/output_full_run/Minecraft_betrayal_on_SMP_20260623_075813/thumbnail.png,file:///C:/edit%20factory/output_full_run/Minecraft_betrayal_on_SMP_20260623_075813/thumbnail_vertical.png,file:///C:/edit%20factory/output_full_run/Minecraft_betrayal_on_SMP_20260623_075813/hook_report.json
output_full_run\Minecraft_betrayal_on_SMP_20260623_075813,file:///C:/edit%20factory/output_full_run/Minecraft_betrayal_on_SMP_20260623_075813,Minecraft_betrayal_on_SMP_20260623_075813,5,One impossible choice,2,dramatic,file:///C:/edit%20factory/output_full_run/Minecraft_betrayal_on_SMP_20260623_075813/thumbnail.png,file:///C:/edit%20factory/output_full_run/Minecraft_betrayal_on_SMP_20260623_075813/thumbnail_vertical.png,file:///C:/edit%20factory/output_full_run/Minecraft_betrayal_on_SMP_20260623_075813/hook_report.json
output_full_run\Minecraft_betrayal_on_SMP_20260623_075813,file:///C:/edit%20factory/output_full_run/Minecraft_betrayal_on_SMP_20260623_075813,Minecraft_betrayal_on_SMP_20260623_075813,6,Nobody believed him,2,dramatic,file:///C:/edit%20factory/output_full_run/Minecraft_betrayal_on_SMP_20260623_075813/thumbnail.png,file:///C:/edit%20factory/output_full_run/Minecraft_betrayal_on_SMP_20260623_075813/thumbnail_vertical.png,file:///C:/edit%20factory/output_full_run/Minecraft_betrayal_on_SMP_20260623_075813/hook_report.json
output_full_downloads\Minecraft_betrayal_on_SMP_20260622_223039,file:///C:/edit%20factory/output_full_downloads/Minecraft_betrayal_on_SMP_20260622_223039,Minecraft_betrayal_on_SMP_20260622_223039,1,Betrayal revealed,4,dramatic,file:///C:/edit%20factory/output_full_downloads/Minecraft_betrayal_on_SMP_20260622_223039/thumbnail.png,file:///C:/edit%20factory/output_full_downloads/Minecraft_betrayal_on_SMP_20260622_223039/thumbnail_vertical.png,file:///C:/edit%20factory/output_full_downloads/Minecraft_betrayal_on_SMP_20260622_223039/hook_report.json
output_full_downloads\Minecraft_betrayal_on_SMP_20260622_223039,file:///C:/edit%20factory/output_full_downloads/Minecraft_betrayal_on_SMP_20260622_223039,Minecraft_betrayal_on_SMP_20260622_223039,2,Shocking moment,4,dramatic,file:///C:/edit%20factory/output_full_downloads/Minecraft_betrayal_on_SMP_20260622_223039/thumbnail.png,file:///C:/edit%20factory/output_full_downloads/Minecraft_betrayal_on_SMP_20260622_223039/thumbnail_vertical.png,file:///C:/edit%20factory/output_full_downloads/Minecraft_betrayal_on_SMP_20260622_223039/hook_report.json
output_full_downloads\Minecraft_betrayal_on_SMP_20260622_223039,file:///C:/edit%20factory/output_full_downloads/Minecraft_betrayal_on_SMP_20260622_223039,Minecraft_betrayal_on_SMP_20260622_223039,3,His final choice,4,dramatic,file:///C:/edit%20factory/output_full_downloads/Minecraft_betrayal_on_SMP_20260622_223039/thumbnail.png,file:///C:/edit%20factory/output_full_downloads/Minecraft_betrayal_on_SMP_20260622_223039/thumbnail_vertical.png,file:///C:/edit%20factory/output_full_downloads/Minecraft_betrayal_on_SMP_20260622_223039/hook_report.json
output_full_downloads\Minecraft_betrayal_on_SMP_20260622_223039,file:///C:/edit%20factory/output_full_downloads/Minecraft_betrayal_on_SMP_20260622_223039,Minecraft_betrayal_on_SMP_20260622_223039,4,Lost forever,3.5,dramatic,file:///C:/edit%20factory/output_full_downloads/Minecraft_betrayal_on_SMP_20260622_223039/thumbnail.png,file:///C:/edit%20factory/output_full_downloads/Minecraft_betrayal_on_SMP_20260622_223039/thumbnail_vertical.png,file:///C:/edit%20factory/output_full_downloads/Minecraft_betrayal_on_SMP_20260622_223039/hook_report.json
output_full_downloads\Minecraft_betrayal_on_SMP_20260622_223039,file:///C:/edit%20factory/output_full_downloads/Minecraft_betrayal_on_SMP_20260622_223039,Minecraft_betrayal_on_SMP_20260622_223039,5,Nobody believed him,2,dramatic,file:///C:/edit%20factory/output_full_downloads/Minecraft_betrayal_on_SMP_20260622_223039/thumbnail.png,file:///C:/edit%20factory/output_full_downloads/Minecraft_betrayal_on_SMP_20260622_223039/thumbnail_vertical.png,file:///C:/edit%20factory/output_full_downloads/Minecraft_betrayal_on_SMP_20260622_223039/hook_report.json
output_full_downloads\Minecraft_betrayal_on_SMP_20260622_223039,file:///C:/edit%20factory/output_full_downloads/Minecraft_betrayal_on_SMP_20260622_223039,Minecraft_betrayal_on_SMP_20260622_223039,6,One impossible choice,2,dramatic,file:///C:/edit%20factory/output_full_downloads/Minecraft_betrayal_on_SMP_20260622_223039/thumbnail.png,file:///C:/edit%20factory/output_full_downloads/Minecraft_betrayal_on_SMP_20260622_223039/thumbnail_vertical.png,file:///C:/edit%20factory/output_full_downloads/Minecraft_betrayal_on_SMP_20260622_223039/hook_report.json
output_all_run\Minecraft_betrayal_on_SMP_20260623_070859,file:///C:/edit%20factory/output_all_run/Minecraft_betrayal_on_SMP_20260623_070859,Minecraft_betrayal_on_SMP_20260623_070859,1,His final choice,4,dramatic,file:///C:/edit%20factory/output_all_run/Minecraft_betrayal_on_SMP_20260623_070859/thumbnail.png,file:///C:/edit%20factory/output_all_run/Minecraft_betrayal_on_SMP_20260623_070859/thumbnail_vertical.png,file:///C:/edit%20factory/output_all_run/Minecraft_betrayal_on_SMP_20260623_070859/hook_report.json
output_all_run\Minecraft_betrayal_on_SMP_20260623_070859,file:///C:/edit%20factory/output_all_run/Minecraft_betrayal_on_SMP_20260623_070859,Minecraft_betrayal_on_SMP_20260623_070859,2,Betrayal revealed,4,dramatic,file:///C:/edit%20factory/output_all_run/Minecraft_betrayal_on_SMP_20260623_070859/thumbnail.png,file:///C:/edit%20factory/output_all_run/Minecraft_betrayal_on_SMP_20260623_070859/thumbnail_vertical.png,file:///C:/edit%20factory/output_all_run/Minecraft_betrayal_on_SMP_20260623_070859/hook_report.json
output_all_run\Minecraft_betrayal_on_SMP_20260623_070859,file:///C:/edit%20factory/output_all_run/Minecraft_betrayal_on_SMP_20260623_070859,Minecraft_betrayal_on_SMP_20260623_070859,3,Shocking moment,4,dramatic,file:///C:/edit%20factory/output_all_run/Minecraft_betrayal_on_SMP_20260623_070859/thumbnail.png,file:///C:/edit%20factory/output_all_run/Minecraft_betrayal_on_SMP_20260623_070859/thumbnail_vertical.png,file:///C:/edit%20factory/output_all_run/Minecraft_betrayal_on_SMP_20260623_070859/hook_report.json
output_all_run\Minecraft_betrayal_on_SMP_20260623_070859,file:///C:/edit%20factory/output_all_run/Minecraft_betrayal_on_SMP_20260623_070859,Minecraft_betrayal_on_SMP_20260623_070859,4,Lost forever,3.5,dramatic,file:///C:/edit%20factory/output_all_run/Minecraft_betrayal_on_SMP_20260623_070859/thumbnail.png,file:///C:/edit%20factory/output_all_run/Minecraft_betrayal_on_SMP_20260623_070859/thumbnail_vertical.png,file:///C:/edit%20factory/output_all_run/Minecraft_betrayal_on_SMP_20260623_070859/hook_report.json
output_all_run\Minecraft_betrayal_on_SMP_20260623_070859,file:///C:/edit%20factory/output_all_run/Minecraft_betrayal_on_SMP_20260623_070859,Minecraft_betrayal_on_SMP_20260623_070859,5,One impossible choice,2,dramatic,file:///C:/edit%20factory/output_all_run/Minecraft_betrayal_on_SMP_20260623_070859/thumbnail.png,file:///C:/edit%20factory/output_all_run/Minecraft_betrayal_on_SMP_20260623_070859/thumbnail_vertical.png,file:///C:/edit%20factory/output_all_run/Minecraft_betrayal_on_SMP_20260623_070859/hook_report.json
output_all_run\Minecraft_betrayal_on_SMP_20260623_070859,file:///C:/edit%20factory/output_all_run/Minecraft_betrayal_on_SMP_20260623_070859,Minecraft_betrayal_on_SMP_20260623_070859,6,Nobody believed him,2,dramatic,file:///C:/edit%20factory/output_all_run/Minecraft_betrayal_on_SMP_20260623_070859/thumbnail.png,file:///C:/edit%20factory/output_all_run/Minecraft_betrayal_on_SMP_20260623_070859/thumbnail_vertical.png,file:///C:/edit%20factory/output_all_run/Minecraft_betrayal_on_SMP_20260623_070859/hook_report.json
output\Minecraft_betrayal_on_SMP_20260622_181413,file:///C:/edit%20factory/output/Minecraft_betrayal_on_SMP_20260622_181413,Minecraft_betrayal_on_SMP_20260622_181413,1,His final choice,4,dramatic,file:///C:/edit%20factory/output/Minecraft_betrayal_on_SMP_20260622_181413/thumbnails/thumbnail_var_1.png,,file:///C:/edit%20factory/output/Minecraft_betrayal_on_SMP_20260622_181413/hook_report.json
output\Minecraft_betrayal_on_SMP_20260622_181413,file:///C:/edit%20factory/output/Minecraft_betrayal_on_SMP_20260622_181413,Minecraft_betrayal_on_SMP_20260622_181413,2,Betrayal revealed,4,dramatic,file:///C:/edit%20factory/output/Minecraft_betrayal_on_SMP_20260622_181413/thumbnails/thumbnail_var_1.png,,file:///C:/edit%20factory/output/Minecraft_betrayal_on_SMP_20260622_181413/hook_report.json
output\Minecraft_betrayal_on_SMP_20260622_181413,file:///C:/edit%20factory/output/Minecraft_betrayal_on_SMP_20260622_181413,Minecraft_betrayal_on_SMP_20260622_181413,3,Shocking moment,4,dramatic,file:///C:/edit%20factory/output/Minecraft_betrayal_on_SMP_20260622_181413/thumbnails/thumbnail_var_1.png,,file:///C:/edit%20factory/output/Minecraft_betrayal_on_SMP_20260622_181413/hook_report.json
output\Minecraft_betrayal_on_SMP_20260622_181413,file:///C:/edit%20factory/output/Minecraft_betrayal_on_SMP_20260622_181413,Minecraft_betrayal_on_SMP_20260622_181413,4,Lost forever,3.5,dramatic,file:///C:/edit%20factory/output/Minecraft_betrayal_on_SMP_20260622_181413/thumbnails/thumbnail_var_1.png,,file:///C:/edit%20factory/output/Minecraft_betrayal_on_SMP_20260622_181413/hook_report.json
output\Minecraft_betrayal_on_SMP_20260622_181413,file:///C:/edit%20factory/output/Minecraft_betrayal_on_SMP_20260622_181413,Minecraft_betrayal_on_SMP_20260622_181413,5,One impossible choice,2,dramatic,file:///C:/edit%20factory/output/Minecraft_betrayal_on_SMP_20260622_181413/thumbnails/thumbnail_var_1.png,,file:///C:/edit%20factory/output/Minecraft_betrayal_on_SMP_20260622_181413/hook_report.json
output\Minecraft_betrayal_on_SMP_20260622_181413,file:///C:/edit%20factory/output/Minecraft_betrayal_on_SMP_20260622_181413,Minecraft_betrayal_on_SMP_20260622_181413,6,Nobody believed him,2,dramatic,file:///C:/edit%20factory/output/Minecraft_betrayal_on_SMP_20260622_181413/thumbnails/thumbnail_var_1.png,,file:///C:/edit%20factory/output/Minecraft_betrayal_on_SMP_20260622_181413/hook_report.json
output\Minecraft_betrayal_on_SMP_20260622_183731,file:///C:/edit%20factory/output/Minecraft_betrayal_on_SMP_20260622_183731,Minecraft_betrayal_on_SMP_20260622_183731,1,His final choice,4,dramatic,file:///C:/edit%20factory/output/Minecraft_betrayal_on_SMP_20260622_183731/thumbnail.png,,file:///C:/edit%20factory/output/Minecraft_betrayal_on_SMP_20260622_183731/hook_report.json
output\Minecraft_betrayal_on_SMP_20260622_183731,file:///C:/edit%20factory/output/Minecraft_betrayal_on_SMP_20260622_183731,Minecraft_betrayal_on_SMP_20260622_183731,2,Betrayal revealed,4,dramatic,file:///C:/edit%20factory/output/Minecraft_betrayal_on_SMP_20260622_183731/thumbnail.png,,file:///C:/edit%20factory/output/Minecraft_betrayal_on_SMP_20260622_183731/hook_report.json
output\Minecraft_betrayal_on_SMP_20260622_183731,file:///C:/edit%20factory/output/Minecraft_betrayal_on_SMP_20260622_183731,Minecraft_betrayal_on_SMP_20260622_183731,3,Shocking moment,4,dramatic,file:///C:/edit%20factory/output/Minecraft_betrayal_on_SMP_20260622_183731/thumbnail.png,,file:///C:/edit%20factory/output/Minecraft_betrayal_on_SMP_20260622_183731/hook_report.json
output\Minecraft_betrayal_on_SMP_20260622_183731,file:///C:/edit%20factory/output/Minecraft_betrayal_on_SMP_20260622_183731,Minecraft_betrayal_on_SMP_20260622_183731,4,Lost forever,3.5,dramatic,file:///C:/edit%20factory/output/Minecraft_betrayal_on_SMP_20260622_183731/thumbnail.png,,file:///C:/edit%20factory/output/Minecraft_betrayal_on_SMP_20260622_183731/hook_report.json
output\Minecraft_betrayal_on_SMP_20260622_183731,file:///C:/edit%20factory/output/Minecraft_betrayal_on_SMP_20260622_183731,Minecraft_betrayal_on_SMP_20260622_183731,5,One impossible choice,2,dramatic,file:///C:/edit%20factory/output/Minecraft_betrayal_on_SMP_20260622_183731/thumbnail.png,,file:///C:/edit%20factory/output/Minecraft_betrayal_on_SMP_20260622_183731/hook_report.json
output\Minecraft_betrayal_on_SMP_20260622_183731,file:///C:/edit%20factory/output/Minecraft_betrayal_on_SMP_20260622_183731,Minecraft_betrayal_on_SMP_20260622_183731,6,Nobody believed him,2,dramatic,file:///C:/edit%20factory/output/Minecraft_betrayal_on_SMP_20260622_183731/thumbnail.png,,file:///C:/edit%20factory/output/Minecraft_betrayal_on_SMP_20260622_183731/hook_report.json
output\Test__Minecraft_betrayal_on_SMP_20260622_200913,file:///C:/edit%20factory/output/Test__Minecraft_betrayal_on_SMP_20260622_200913,Test__Minecraft_betrayal_on_SMP_20260622_200913,1,His final choice,4,dramatic,file:///C:/edit%20factory/output/Test__Minecraft_betrayal_on_SMP_20260622_200913/thumbnail.png,,file:///C:/edit%20factory/output/Test__Minecraft_betrayal_on_SMP_20260622_200913/hook_report.json
output\Test__Minecraft_betrayal_on_SMP_20260622_200913,file:///C:/edit%20factory/output/Test__Minecraft_betrayal_on_SMP_20260622_200913,Test__Minecraft_betrayal_on_SMP_20260622_200913,2,Betrayal revealed,4,dramatic,file:///C:/edit%20factory/output/Test__Minecraft_betrayal_on_SMP_20260622_200913/thumbnail.png,,file:///C:/edit%20factory/output/Test__Minecraft_betrayal_on_SMP_20260622_200913/hook_report.json
output\Test__Minecraft_betrayal_on_SMP_20260622_200913,file:///C:/edit%20factory/output/Test__Minecraft_betrayal_on_SMP_20260622_200913,Test__Minecraft_betrayal_on_SMP_20260622_200913,3,Shocking moment,4,dramatic,file:///C:/edit%20factory/output/Test__Minecraft_betrayal_on_SMP_20260622_200913/thumbnail.png,,file:///C:/edit%20factory/output/Test__Minecraft_betrayal_on_SMP_20260622_200913/hook_report.json
output\Test__Minecraft_betrayal_on_SMP_20260622_200913,file:///C:/edit%20factory/output/Test__Minecraft_betrayal_on_SMP_20260622_200913,Test__Minecraft_betrayal_on_SMP_20260622_200913,4,Lost forever,3.5,dramatic,file:///C:/edit%20factory/output/Test__Minecraft_betrayal_on_SMP_20260622_200913/thumbnail.png,,file:///C:/edit%20factory/output/Test__Minecraft_betrayal_on_SMP_20260622_200913/hook_report.json
output\Test__Minecraft_betrayal_on_SMP_20260622_200913,file:///C:/edit%20factory/output/Test__Minecraft_betrayal_on_SMP_20260622_200913,Test__Minecraft_betrayal_on_SMP_20260622_200913,5,One impossible choice,2,dramatic,file:///C:/edit%20factory/output/Test__Minecraft_betrayal_on_SMP_20260622_200913/thumbnail.png,,file:///C:/edit%20factory/output/Test__Minecraft_betrayal_on_SMP_20260622_200913/hook_report.json
output\Test__Minecraft_betrayal_on_SMP_20260622_200913,file:///C:/edit%20factory/output/Test__Minecraft_betrayal_on_SMP_20260622_200913,Test__Minecraft_betrayal_on_SMP_20260622_200913,6,Nobody believed him,2,dramatic,file:///C:/edit%20factory/output/Test__Minecraft_betrayal_on_SMP_20260622_200913/thumbnail.png,,file:///C:/edit%20factory/output/Test__Minecraft_betrayal_on_SMP_20260622_200913/hook_report.json
